,scene,split,seq,img_path,t1,t2,t3,q1,q2,q3,q4
0,KingsCollege2,train,seq8,KingsCollege/seq8/frame00001.png,33.175974,-22.801465,1.445929,0.721892,0.624014,0.169282,-0.246619
1,KingsCollege2,train,seq8,KingsCollege/seq8/frame00002.png,33.209591,-22.74987,1.436124,0.722427,0.62336,0.167775,-0.247735
2,KingsCollege2,train,seq8,KingsCollege/seq8/frame00003.png,33.200591,-22.653296,1.462828,0.724023,0.621666,0.163881,-0.249931
3,KingsCollege2,train,seq8,KingsCollege/seq8/frame00004.png,33.070324,-22.313088,1.714056,0.728258,0.618698,0.157236,-0.249258
4,KingsCollege2,train,seq8,KingsCollege/seq8/frame00005.png,32.335779,-22.594894,1.549094,0.736225,0.60388,0.158038,-0.261393
5,KingsCollege2,train,seq8,KingsCollege/seq8/frame00006.png,31.81712,-22.493045,1.507578,0.735563,0.612753,0.138701,-0.253461
6,KingsCollege2,train,seq8,KingsCollege/seq8/frame00007.png,31.170279,-22.324362,1.622667,0.766569,0.582908,0.138504,-0.2311
7,KingsCollege2,train,seq8,KingsCollege/seq8/frame00008.png,30.43578,-22.270689,1.583911,0.779769,0.582329,0.103285,-0.205391
8,KingsCollege2,train,seq8,KingsCollege/seq8/frame00009.png,29.824357,-21.978109,1.755549,0.792882,0.569786,0.074748,-0.202718
9,KingsCollege2,train,seq8,KingsCollege/seq8/frame00010.png,29.145427,-22.165855,1.69152,0.800117,0.568469,0.062003,-0.181139
10,KingsCollege2,train,seq8,KingsCollege/seq8/frame00011.png,28.55481,-22.601437,1.674348,0.816734,0.533411,0.083745,-0.20348
11,KingsCollege2,train,seq8,KingsCollege/seq8/frame00012.png,27.545185,-22.556603,1.910587,0.770172,0.582782,0.119659,-0.229962
12,KingsCollege2,train,seq8,KingsCollege/seq8/frame00013.png,26.839557,-22.454247,1.928567,0.767231,0.588365,0.11577,-0.227552
13,KingsCollege2,train,seq8,KingsCollege/seq8/frame00014.png,26.289428,-22.393813,1.779254,0.77945,0.570975,0.105833,-0.23504
14,KingsCollege2,train,seq8,KingsCollege/seq8/frame00015.png,25.450378,-22.302451,1.798709,0.776902,0.575874,0.126732,-0.220754
15,KingsCollege2,train,seq8,KingsCollege/seq8/frame00016.png,24.761601,-21.844288,1.894519,0.75631,0.605454,0.146819,-0.199662
16,KingsCollege2,train,seq8,KingsCollege/seq8/frame00017.png,24.172555,-21.49329,1.8007,0.758582,0.605929,0.159436,-0.178839
17,KingsCollege2,train,seq8,KingsCollege/seq8/frame00018.png,23.635306,-21.133402,1.683415,0.760458,0.610164,0.134241,-0.177153
18,KingsCollege2,train,seq8,KingsCollege/seq8/frame00019.png,23.155827,-20.533975,1.637551,0.760826,0.61618,0.092943,-0.181186
19,KingsCollege2,train,seq8,KingsCollege/seq8/frame00020.png,22.353514,-20.484425,1.621336,0.778916,0.597724,0.079263,-0.172431
20,KingsCollege2,train,seq8,KingsCollege/seq8/frame00021.png,21.821092,-20.130762,1.571611,0.780108,0.603457,0.062227,-0.152967
21,KingsCollege2,train,seq8,KingsCollege/seq8/frame00022.png,21.117415,-19.745119,1.734564,0.777165,0.608538,0.088163,-0.133876
22,KingsCollege2,train,seq8,KingsCollege/seq8/frame00023.png,20.413314,-19.698998,1.727163,0.770825,0.612893,0.106314,-0.137438
23,KingsCollege2,train,seq8,KingsCollege/seq8/frame00024.png,19.704158,-19.372051,1.71731,0.780215,0.608219,0.070889,-0.127706
24,KingsCollege2,train,seq8,KingsCollege/seq8/frame00025.png,18.979456,-19.179076,1.623064,0.796755,0.596475,0.010322,-0.096391
25,KingsCollege2,train,seq8,KingsCollege/seq8/frame00026.png,18.21939,-19.035204,1.659082,0.803199,0.586909,-0.003898,-0.101949
26,KingsCollege2,train,seq8,KingsCollege/seq8/frame00027.png,17.604659,-18.983852,1.808107,0.8046,0.588982,-0.012971,-0.074507
27,KingsCollege2,train,seq8,KingsCollege/seq8/frame00028.png,16.837478,-18.917895,1.71479,0.810202,0.579009,-0.012895,-0.090306
28,KingsCollege2,train,seq8,KingsCollege/seq8/frame00029.png,16.167118,-18.880118,1.943804,0.801944,0.592525,-0.040304,-0.064619
29,KingsCollege2,train,seq8,KingsCollege/seq8/frame00030.png,15.139697,-18.75247,1.676578,0.794557,0.596177,-0.055689,-0.100748
30,KingsCollege2,train,seq8,KingsCollege/seq8/frame00031.png,14.36355,-18.810991,1.726878,0.797946,0.593409,-0.060052,-0.086838
31,KingsCollege2,train,seq8,KingsCollege/seq8/frame00032.png,13.642296,-18.590411,1.882104,0.785854,0.604016,-0.062478,-0.117021
32,KingsCollege2,train,seq8,KingsCollege/seq8/frame00033.png,12.992266,-18.433031,1.82893,0.813854,0.575391,-0.071894,-0.037404
33,KingsCollege2,train,seq8,KingsCollege/seq8/frame00034.png,12.301581,-18.148811,1.732585,0.827418,0.556207,-0.076144,-0.014667
34,KingsCollege2,train,seq8,KingsCollege/seq8/frame00035.png,11.468061,-17.787771,1.719078,0.824588,0.550556,-0.124597,0.037667
35,KingsCollege2,train,seq8,KingsCollege/seq8/frame00036.png,10.854348,-17.661143,1.601483,0.826091,0.543289,-0.130749,0.072911
36,KingsCollege2,train,seq8,KingsCollege/seq8/frame00037.png,9.961074,-17.339302,1.351788,0.814703,0.551658,-0.139673,0.111461
37,KingsCollege2,train,seq8,KingsCollege/seq8/frame00038.png,9.349213,-17.331651,1.432148,0.793846,0.583514,-0.109222,0.131873
38,KingsCollege2,train,seq8,KingsCollege/seq8/frame00039.png,8.53117,-17.528472,1.555224,0.80457,0.571758,-0.085271,0.135977
39,KingsCollege2,train,seq8,KingsCollege/seq8/frame00040.png,7.835131,-17.432677,1.670973,0.773172,0.59179,-0.161642,0.160814
40,KingsCollege2,train,seq8,KingsCollege/seq8/frame00041.png,7.104879,-17.24947,1.837352,0.78407,0.56415,-0.180777,0.185174
41,KingsCollege2,train,seq8,KingsCollege/seq8/frame00042.png,6.244865,-17.267595,1.755001,0.776822,0.564248,-0.196707,0.198691
42,KingsCollege2,train,seq8,KingsCollege/seq8/frame00043.png,5.703513,-16.971224,2.055778,0.785368,0.534511,-0.227747,0.213605
43,KingsCollege2,train,seq8,KingsCollege/seq8/frame00044.png,4.835584,-17.048805,1.766211,0.765376,0.591483,-0.155346,0.200535
44,KingsCollege2,train,seq8,KingsCollege/seq8/frame00045.png,3.975098,-17.008547,1.95914,0.79571,0.552381,-0.15431,0.194704
45,KingsCollege2,train,seq8,KingsCollege/seq8/frame00046.png,3.229522,-16.949615,1.815628,0.799426,0.566334,-0.141612,0.141882
46,KingsCollege2,train,seq8,KingsCollege/seq8/frame00047.png,2.457841,-16.630001,1.940848,0.787524,0.577844,-0.161866,0.140358
47,KingsCollege2,train,seq8,KingsCollege/seq8/frame00048.png,1.881661,-16.497922,1.983617,0.760438,0.585694,-0.181088,0.214251
48,KingsCollege2,train,seq8,KingsCollege/seq8/frame00049.png,1.247539,-16.181639,1.935123,0.742964,0.603236,-0.178267,0.228761
49,KingsCollege2,train,seq8,KingsCollege/seq8/frame00050.png,0.514445,-15.963907,1.949787,0.753641,0.571406,-0.244326,0.214069
50,KingsCollege2,train,seq8,KingsCollege/seq8/frame00051.png,-0.197305,-15.730509,1.902457,0.765339,0.565253,-0.23877,0.19425
175,KingsCollege2,train,seq6,KingsCollege/seq6/frame00097.png,42.367146,-30.894235,2.004692,0.747597,0.606584,0.142649,-0.229793
176,KingsCollege2,train,seq6,KingsCollege/seq6/frame00098.png,41.30326,-31.15097,1.524719,0.751872,0.613174,0.118704,-0.211221
177,KingsCollege2,train,seq6,KingsCollege/seq6/frame00099.png,41.020454,-30.518047,2.178818,0.738684,0.634996,0.118321,-0.192682
178,KingsCollege2,train,seq6,KingsCollege/seq6/frame00100.png,39.986682,-30.633677,1.335725,0.763454,0.618843,0.105677,-0.151669
179,KingsCollege2,train,seq6,KingsCollege/seq6/frame00101.png,39.42151,-30.340984,2.039653,0.75396,0.628635,0.093246,-0.166337
180,KingsCollege2,train,seq6,KingsCollege/seq6/frame00102.png,38.568332,-30.711404,1.504047,0.75902,0.619052,0.112272,-0.167504
181,KingsCollege2,train,seq6,KingsCollege/seq6/frame00103.png,37.944005,-30.348098,1.510955,0.766117,0.618898,0.090946,-0.147507
182,KingsCollege2,train,seq6,KingsCollege/seq6/frame00104.png,37.967048,-29.806734,1.42755,0.768391,0.624612,0.075381,-0.117276
183,KingsCollege2,train,seq6,KingsCollege/seq6/frame00105.png,37.023578,-29.636919,2.173123,0.758356,0.636427,0.058004,-0.128424
184,KingsCollege2,train,seq6,KingsCollege/seq6/frame00106.png,35.945868,-29.308614,1.464101,0.750523,0.647961,0.065563,-0.112084
185,KingsCollege2,train,seq6,KingsCollege/seq6/frame00107.png,35.760712,-28.660487,2.14702,0.750773,0.658027,0.016686,-0.055338
186,KingsCollege2,train,seq6,KingsCollege/seq6/frame00108.png,35.440528,-28.222242,1.8116,0.75633,0.645373,0.059742,-0.088823
187,KingsCollege2,train,seq6,KingsCollege/seq6/frame00109.png,35.007403,-27.714275,1.882828,0.746447,0.65077,0.074321,-0.117437
188,KingsCollege2,train,seq6,KingsCollege/seq6/frame00110.png,34.617962,-27.09018,1.795372,0.740936,0.650651,0.085344,-0.142771
189,KingsCollege2,train,seq6,KingsCollege/seq6/frame00111.png,34.135508,-26.587718,1.57608,0.738302,0.654715,0.092893,-0.132776
190,KingsCollege2,train,seq6,KingsCollege/seq6/frame00112.png,33.705649,-26.115351,2.143662,0.747744,0.629634,0.105697,-0.182398
191,KingsCollege2,train,seq6,KingsCollege/seq6/frame00113.png,33.32709,-25.853177,1.82325,0.750312,0.610312,0.139273,-0.212494
192,KingsCollege2,train,seq6,KingsCollege/seq6/frame00114.png,32.766273,-25.401721,1.710184,0.740394,0.611831,0.177335,-0.21455
193,KingsCollege2,train,seq6,KingsCollege/seq6/frame00115.png,32.265895,-24.936722,1.589924,0.74575,0.603916,0.182224,-0.21433
194,KingsCollege2,train,seq6,KingsCollege/seq6/frame00116.png,31.803941,-24.574866,1.659628,0.753366,0.596281,0.155308,-0.229714
195,KingsCollege2,train,seq6,KingsCollege/seq6/frame00117.png,31.070412,-24.537709,1.600249,0.778796,0.568434,0.131636,-0.230287
196,KingsCollege2,train,seq6,KingsCollege/seq6/frame00118.png,30.722668,-24.252859,1.785013,0.80097,0.540523,0.129674,-0.222409
197,KingsCollege2,train,seq6,KingsCollege/seq6/frame00119.png,29.797836,-24.04266,1.448488,0.812575,0.530649,0.137215,-0.198256
198,KingsCollege2,train,seq6,KingsCollege/seq6/frame00120.png,29.209849,-23.804735,1.631879,0.78654,0.575503,0.137106,-0.177068
199,KingsCollege2,train,seq6,KingsCollege/seq6/frame00121.png,28.269469,-23.731722,1.413436,0.777485,0.601466,0.11275,-0.145063
200,KingsCollege2,train,seq6,KingsCollege/seq6/frame00122.png,27.674323,-23.623647,1.531356,0.787184,0.605731,0.063306,-0.097079
201,KingsCollege2,train,seq6,KingsCollege/seq6/frame00123.png,27.231246,-23.433401,1.505246,0.800449,0.592163,0.017952,-0.091122
202,KingsCollege2,train,seq6,KingsCollege/seq6/frame00124.png,26.167205,-23.522167,1.528779,0.784334,0.617142,-0.001244,-0.062883
203,KingsCollege2,train,seq6,KingsCollege/seq6/frame00125.png,25.568567,-23.705875,2.137408,0.79376,0.596965,0.026865,-0.113383
204,KingsCollege2,train,seq6,KingsCollege/seq6/frame00126.png,24.74853,-23.870334,1.568639,0.796125,0.595617,0.037386,-0.100142
205,KingsCollege2,train,seq6,KingsCollege/seq6/frame00127.png,24.042933,-23.81525,1.693531,0.78723,0.613197,0.012001,-0.064142
206,KingsCollege2,train,seq6,KingsCollege/seq6/frame00128.png,23.323951,-24.228823,1.452782,0.782802,0.620649,0.001964,-0.044848
207,KingsCollege2,train,seq6,KingsCollege/seq6/frame00129.png,22.363182,-24.320641,1.78319,0.774441,0.631867,-0.004709,-0.031031
208,KingsCollege2,train,seq6,KingsCollege/seq6/frame00130.png,21.764389,-24.894894,1.578749,0.796366,0.602299,0.018531,-0.051905
209,KingsCollege2,train,seq6,KingsCollege/seq6/frame00131.png,21.395087,-25.039632,1.741775,0.783056,0.62065,0.00665,-0.039656
210,KingsCollege2,train,seq6,KingsCollege/seq6/frame00132.png,20.522552,-25.218166,1.847134,0.775159,0.629849,0.005934,-0.048815
211,KingsCollege2,train,seq6,KingsCollege/seq6/frame00133.png,19.961145,-25.360953,1.775944,0.776919,0.629524,0.003032,-0.009404
212,KingsCollege2,train,seq6,KingsCollege/seq6/frame00134.png,19.126518,-25.488889,1.791923,0.777887,0.627748,0.012825,-0.025683
213,KingsCollege2,train,seq6,KingsCollege/seq6/frame00135.png,18.467325,-25.696449,1.897217,0.774214,0.632806,-0.012156,-0.001488
214,KingsCollege2,train,seq6,KingsCollege/seq6/frame00136.png,17.928288,-25.742073,1.797346,0.770417,0.636925,-0.027384,-0.005827
215,KingsCollege2,train,seq6,KingsCollege/seq6/frame00137.png,17.039823,-25.91581,1.918458,0.766988,0.638962,-0.057821,0.010658
216,KingsCollege2,train,seq6,KingsCollege/seq6/frame00138.png,16.376187,-25.99555,1.899433,0.762359,0.643501,-0.067978,0.009732
217,KingsCollege2,train,seq6,KingsCollege/seq6/frame00139.png,15.698264,-26.124656,1.887326,0.752814,0.649983,-0.101479,0.02226
218,KingsCollege2,train,seq6,KingsCollege/seq6/frame00140.png,15.172623,-26.259526,1.863932,0.751039,0.651673,-0.104738,0.017094
219,KingsCollege2,train,seq6,KingsCollege/seq6/frame00141.png,14.355022,-26.423917,1.831838,0.754546,0.645313,-0.117147,0.022527
220,KingsCollege2,train,seq6,KingsCollege/seq6/frame00142.png,13.936555,-26.498583,1.790617,0.754659,0.651553,-0.077234,0.002011
221,KingsCollege2,train,seq6,KingsCollege/seq6/frame00143.png,13.125353,-26.649826,1.826325,0.767068,0.64069,-0.033478,-0.001546
222,KingsCollege2,train,seq6,KingsCollege/seq6/frame00144.png,12.440579,-26.941901,1.931361,0.76756,0.640733,-0.014917,-0.009558
223,KingsCollege2,train,seq6,KingsCollege/seq6/frame00145.png,12.038595,-26.881071,1.907777,0.763689,0.642795,-0.056518,0.019991
224,KingsCollege2,train,seq6,KingsCollege/seq6/frame00146.png,11.331443,-27.029163,2.01795,0.762418,0.637051,-0.107923,0.035173
225,KingsCollege2,train,seq6,KingsCollege/seq6/frame00147.png,10.770931,-26.981372,2.146245,0.767681,0.624401,-0.139763,0.035424
226,KingsCollege2,train,seq6,KingsCollege/seq6/frame00148.png,9.896522,-26.971789,1.967849,0.768912,0.620557,-0.149267,0.037462
227,KingsCollege2,train,seq6,KingsCollege/seq6/frame00149.png,9.428879,-26.725289,2.047869,0.767368,0.618052,-0.163946,0.047748
228,KingsCollege2,train,seq6,KingsCollege/seq6/frame00150.png,8.988812,-26.712005,2.036066,0.761323,0.599057,-0.21047,0.131228
229,KingsCollege2,train,seq6,KingsCollege/seq6/frame00151.png,8.51504,-25.853645,1.615425,0.762328,0.590868,-0.219845,0.146285
230,KingsCollege2,train,seq6,KingsCollege/seq6/frame00152.png,7.993045,-25.468758,1.930996,0.753459,0.597133,-0.213782,0.173289
231,KingsCollege2,train,seq6,KingsCollege/seq6/frame00153.png,7.490637,-25.272328,1.561912,0.760688,0.599931,-0.194767,0.153305
232,KingsCollege2,train,seq6,KingsCollege/seq6/frame00154.png,7.056921,-24.659943,1.922697,0.762722,0.588894,-0.196553,0.181181
233,KingsCollege2,train,seq6,KingsCollege/seq6/frame00155.png,6.574651,-24.287748,1.945752,0.758357,0.586662,-0.202571,0.199219
234,KingsCollege2,train,seq6,KingsCollege/seq6/frame00156.png,6.049966,-23.711475,1.914677,0.773494,0.581528,-0.180618,0.175811
235,KingsCollege2,train,seq6,KingsCollege/seq6/frame00157.png,5.726675,-23.105922,1.810859,0.761672,0.593352,-0.178115,0.189907
236,KingsCollege2,train,seq6,KingsCollege/seq6/frame00158.png,5.310869,-22.679652,1.802153,0.778363,0.559024,-0.178241,0.223324
237,KingsCollege2,train,seq6,KingsCollege/seq6/frame00159.png,4.721433,-22.389933,1.710395,0.779008,0.546374,-0.198479,0.235005
238,KingsCollege2,train,seq6,KingsCollege/seq6/frame00160.png,4.38405,-21.887265,1.56086,0.75114,0.566829,-0.226747,0.251155
239,KingsCollege2,train,seq6,KingsCollege/seq6/frame00161.png,3.602559,-21.258271,1.790414,0.771801,0.553935,-0.193957,0.244664
240,KingsCollege2,train,seq6,KingsCollege/seq6/frame00162.png,3.178396,-20.806085,1.710045,0.772685,0.52465,-0.227148,0.275869
241,KingsCollege2,train,seq6,KingsCollege/seq6/frame00163.png,2.551397,-20.298356,1.791918,0.784947,0.510866,-0.221908,0.27135
242,KingsCollege2,train,seq6,KingsCollege/seq6/frame00164.png,2.180713,-19.77015,1.762425,0.780477,0.51269,-0.227051,0.276501
243,KingsCollege2,train,seq6,KingsCollege/seq6/frame00165.png,1.526631,-19.550173,1.583788,0.794892,0.495515,-0.225402,0.267965
244,KingsCollege2,train,seq6,KingsCollege/seq6/frame00166.png,1.064454,-18.872321,1.716462,0.779834,0.502347,-0.242926,0.283712
245,KingsCollege2,train,seq6,KingsCollege/seq6/frame00167.png,0.43212,-18.489217,1.770092,0.79467,0.500799,-0.238081,0.247017
246,KingsCollege2,train,seq6,KingsCollege/seq6/frame00168.png,-0.129366,-18.242341,1.581249,0.799918,0.497289,-0.224789,0.249607
381,KingsCollege2,train,seq5,KingsCollege/seq5/frame00054.png,-0.387195,-17.939296,1.745181,0.739441,0.622329,-0.198269,0.163168
382,KingsCollege2,train,seq5,KingsCollege/seq5/frame00055.png,0.28169,-18.227268,1.739377,0.746067,0.611808,-0.20919,0.159103
383,KingsCollege2,train,seq5,KingsCollege/seq5/frame00056.png,0.896547,-18.348268,1.824617,0.735093,0.632743,-0.195467,0.145146
384,KingsCollege2,train,seq5,KingsCollege/seq5/frame00057.png,1.515713,-18.429015,1.760365,0.745431,0.611301,-0.21232,0.159885
385,KingsCollege2,train,seq5,KingsCollege/seq5/frame00058.png,2.118299,-18.725267,1.675324,0.75354,0.619424,-0.182903,0.122634
386,KingsCollege2,train,seq5,KingsCollege/seq5/frame00059.png,2.81608,-18.831044,1.844162,0.764749,0.605166,-0.180576,0.127772
387,KingsCollege2,train,seq5,KingsCollege/seq5/frame00060.png,3.556113,-19.141602,1.778495,0.772449,0.588668,-0.183342,0.152244
388,KingsCollege2,train,seq5,KingsCollege/seq5/frame00061.png,4.276348,-19.381917,1.824609,0.753487,0.581782,-0.228372,0.204042
389,KingsCollege2,train,seq5,KingsCollege/seq5/frame00062.png,4.851683,-19.538672,1.637112,0.777704,0.581727,-0.189275,0.144722
390,KingsCollege2,train,seq5,KingsCollege/seq5/frame00063.png,5.42457,-19.781554,1.767272,0.787328,0.588681,-0.134909,0.123971
391,KingsCollege2,train,seq5,KingsCollege/seq5/frame00064.png,6.330396,-19.875816,1.809928,0.793297,0.574271,-0.132271,0.152964
392,KingsCollege2,train,seq5,KingsCollege/seq5/frame00065.png,6.987192,-19.969306,1.532349,0.782151,0.600321,-0.097579,0.135401
393,KingsCollege2,train,seq5,KingsCollege/seq5/frame00066.png,7.699351,-20.34691,1.716296,0.792834,0.586039,-0.117503,0.119018
394,KingsCollege2,train,seq5,KingsCollege/seq5/frame00067.png,8.323662,-20.337387,1.966868,0.78595,0.595177,-0.128771,0.107075
395,KingsCollege2,train,seq5,KingsCollege/seq5/frame00068.png,9.075612,-20.326896,1.990965,0.775888,0.597669,-0.1567,0.127416
396,KingsCollege2,train,seq5,KingsCollege/seq5/frame00069.png,9.76373,-20.485638,1.885895,0.77717,0.601981,-0.143393,0.114299
397,KingsCollege2,train,seq5,KingsCollege/seq5/frame00070.png,10.426118,-20.548927,1.91356,0.782286,0.601367,-0.128316,0.099608
398,KingsCollege2,train,seq5,KingsCollege/seq5/frame00071.png,11.035304,-20.70061,1.885788,0.801408,0.58573,-0.090457,0.080521
399,KingsCollege2,train,seq5,KingsCollege/seq5/frame00072.png,11.767855,-20.713905,1.881001,0.79354,0.597346,-0.102165,0.055086
400,KingsCollege2,train,seq5,KingsCollege/seq5/frame00073.png,12.427193,-20.827269,1.882791,0.787914,0.611049,-0.067959,0.034534
401,KingsCollege2,train,seq5,KingsCollege/seq5/frame00074.png,13.193513,-20.877333,1.89208,0.786052,0.614204,-0.055447,0.042439
402,KingsCollege2,train,seq5,KingsCollege/seq5/frame00075.png,13.826973,-21.03149,1.788045,0.768738,0.634525,-0.06082,0.052154
403,KingsCollege2,train,seq5,KingsCollege/seq5/frame00076.png,14.442844,-21.239354,1.816152,0.7797,0.625934,-0.003986,-0.016097
404,KingsCollege2,train,seq5,KingsCollege/seq5/frame00077.png,15.146161,-21.46599,1.973427,0.777639,0.627251,0.006574,-0.04232
405,KingsCollege2,train,seq5,KingsCollege/seq5/frame00078.png,15.975412,-21.53973,1.844249,0.783183,0.620485,0.026171,-0.030615
406,KingsCollege2,train,seq5,KingsCollege/seq5/frame00079.png,16.693019,-21.706837,1.727129,0.787592,0.613112,0.00951,-0.060841
407,KingsCollege2,train,seq5,KingsCollege/seq5/frame00080.png,17.13487,-21.764076,1.738302,0.781718,0.621005,0.031072,-0.047996
408,KingsCollege2,train,seq5,KingsCollege/seq5/frame00081.png,17.919316,-22.10844,1.874551,0.785552,0.611228,0.050582,-0.082156
409,KingsCollege2,train,seq5,KingsCollege/seq5/frame00082.png,18.531072,-22.238788,1.711895,0.785889,0.607722,0.060144,-0.097134
410,KingsCollege2,train,seq5,KingsCollege/seq5/frame00083.png,19.161617,-22.388324,1.744637,0.786969,0.604152,0.074878,-0.100367
411,KingsCollege2,train,seq5,KingsCollege/seq5/frame00084.png,19.764908,-22.596679,1.752638,0.776116,0.618394,0.05493,-0.110524
412,KingsCollege2,train,seq5,KingsCollege/seq5/frame00085.png,20.704537,-22.568398,1.926276,0.778704,0.615068,0.056801,-0.109932
413,KingsCollege2,train,seq5,KingsCollege/seq5/frame00086.png,21.14783,-23.052042,1.761524,0.77415,0.613352,0.086173,-0.130634
414,KingsCollege2,train,seq5,KingsCollege/seq5/frame00087.png,21.802733,-23.020346,1.703591,0.763053,0.636176,0.055365,-0.099824
415,KingsCollege2,train,seq5,KingsCollege/seq5/frame00088.png,22.566697,-23.391685,1.696914,0.765931,0.626739,0.061064,-0.129684
416,KingsCollege2,train,seq5,KingsCollege/seq5/frame00089.png,22.888591,-23.364949,1.501645,0.767985,0.624164,0.078401,-0.120298
417,KingsCollege2,train,seq5,KingsCollege/seq5/frame00090.png,23.662573,-23.808363,1.666314,0.780616,0.603895,0.080721,-0.139403
418,KingsCollege2,train,seq5,KingsCollege/seq5/frame00091.png,24.214835,-23.906074,1.469139,0.768677,0.610911,0.099828,-0.161116
419,KingsCollege2,train,seq5,KingsCollege/seq5/frame00092.png,25.236972,-24.095025,1.871734,0.763687,0.613042,0.099684,-0.17614
420,KingsCollege2,train,seq5,KingsCollege/seq5/frame00093.png,25.638649,-24.102988,1.732251,0.751318,0.631776,0.092785,-0.166651
421,KingsCollege2,train,seq5,KingsCollege/seq5/frame00094.png,26.408512,-24.154657,2.008913,0.763099,0.620874,0.080464,-0.16038
422,KingsCollege2,train,seq5,KingsCollege/seq5/frame00095.png,26.881625,-24.368001,1.936978,0.745655,0.638043,0.084044,-0.172735
423,KingsCollege2,train,seq5,KingsCollege/seq5/frame00096.png,27.535825,-24.462375,1.580028,0.763461,0.612701,0.129521,-0.157954
424,KingsCollege2,train,seq5,KingsCollege/seq5/frame00097.png,28.377248,-24.495467,1.487659,0.746833,0.625502,0.126331,-0.18716
425,KingsCollege2,train,seq5,KingsCollege/seq5/frame00098.png,29.063783,-24.613332,2.081604,0.735374,0.633436,0.148568,-0.189503
426,KingsCollege2,train,seq5,KingsCollege/seq5/frame00099.png,29.807164,-25.017516,1.986084,0.771078,0.592029,0.149818,-0.180261
427,KingsCollege2,train,seq5,KingsCollege/seq5/frame00100.png,30.447382,-25.014554,1.822364,0.772096,0.596216,0.137994,-0.171326
428,KingsCollege2,train,seq5,KingsCollege/seq5/frame00101.png,30.845568,-25.178741,1.715932,0.760789,0.610629,0.116075,-0.186706
429,KingsCollege2,train,seq5,KingsCollege/seq5/frame00102.png,31.247604,-25.322606,1.727745,0.747692,0.626896,0.108132,-0.190432
430,KingsCollege2,train,seq5,KingsCollege/seq5/frame00103.png,32.031736,-25.171629,1.70315,0.759015,0.616842,0.109814,-0.177039
431,KingsCollege2,train,seq5,KingsCollege/seq5/frame00104.png,32.59282,-25.556702,1.76288,0.751415,0.633358,0.095518,-0.158463
432,KingsCollege2,train,seq5,KingsCollege/seq5/frame00105.png,33.295233,-25.743559,1.746637,0.759576,0.626126,0.098262,-0.146137
433,KingsCollege2,train,seq5,KingsCollege/seq5/frame00106.png,33.994503,-25.78926,1.908264,0.740039,0.647543,0.09446,-0.155269
434,KingsCollege2,train,seq5,KingsCollege/seq5/frame00107.png,34.44503,-26.167065,1.73846,0.748028,0.638968,0.083592,-0.1587
435,KingsCollege2,train,seq5,KingsCollege/seq5/frame00108.png,35.222876,-26.318889,1.960743,0.736858,0.648795,0.091426,-0.166576
436,KingsCollege2,train,seq5,KingsCollege/seq5/frame00109.png,35.879426,-26.682673,1.957918,0.733823,0.645166,0.114147,-0.179541
437,KingsCollege2,train,seq5,KingsCollege/seq5/frame00110.png,36.264965,-27.046193,1.56215,0.738344,0.627158,0.135164,-0.20797
438,KingsCollege2,train,seq5,KingsCollege/seq5/frame00111.png,37.419321,-26.935203,2.297274,0.737862,0.630281,0.122238,-0.208237
439,KingsCollege2,train,seq5,KingsCollege/seq5/frame00112.png,37.95124,-27.068841,1.277292,0.757561,0.614412,0.09915,-0.196897
440,KingsCollege2,train,seq5,KingsCollege/seq5/frame00113.png,38.68641,-27.297438,2.245515,0.737751,0.637553,0.095541,-0.200304
441,KingsCollege2,train,seq5,KingsCollege/seq5/frame00114.png,38.813174,-27.739777,1.673421,0.74749,0.62221,0.116948,-0.201088
442,KingsCollege2,train,seq5,KingsCollege/seq5/frame00115.png,39.772119,-27.597968,1.711704,0.735891,0.636861,0.11935,-0.196541
443,KingsCollege2,train,seq5,KingsCollege/seq5/frame00116.png,40.319396,-27.843833,1.602566,0.755435,0.615381,0.118518,-0.191254
444,KingsCollege2,train,seq5,KingsCollege/seq5/frame00117.png,40.726402,-28.192796,1.630265,0.742983,0.639455,0.094787,-0.173463
445,KingsCollege2,train,seq5,KingsCollege/seq5/frame00118.png,41.677198,-28.329886,1.852628,0.72303,0.652381,0.114716,-0.196131
446,KingsCollege2,train,seq5,KingsCollege/seq5/frame00119.png,42.346079,-28.373348,2.004167,0.71574,0.643805,0.148765,-0.226053
447,KingsCollege2,train,seq5,KingsCollege/seq5/frame00120.png,42.986035,-28.618613,1.423056,0.709606,0.61965,0.178283,-0.284093
557,KingsCollege2,train,seq1,KingsCollege/seq1/frame00088.png,-0.215495,-15.606175,1.74055,0.690515,0.632109,-0.216627,0.276946
558,KingsCollege2,train,seq1,KingsCollege/seq1/frame00089.png,0.573891,-15.6525,1.584901,0.710665,0.614007,-0.213039,0.269379
559,KingsCollege2,train,seq1,KingsCollege/seq1/frame00090.png,1.038499,-15.809907,1.673358,0.706918,0.632724,-0.182681,0.257981
560,KingsCollege2,train,seq1,KingsCollege/seq1/frame00091.png,1.685535,-15.854483,1.733102,0.721328,0.627545,-0.170825,0.238099
561,KingsCollege2,train,seq1,KingsCollege/seq1/frame00092.png,2.227558,-15.869081,1.761506,0.72321,0.642861,-0.132815,0.21461
562,KingsCollege2,train,seq1,KingsCollege/seq1/frame00093.png,2.899787,-15.827183,1.726225,0.730799,0.641426,-0.129828,0.194036
563,KingsCollege2,train,seq1,KingsCollege/seq1/frame00094.png,3.586868,-15.893747,1.837866,0.742408,0.644533,-0.088208,0.160083
564,KingsCollege2,train,seq1,KingsCollege/seq1/frame00095.png,4.208315,-15.857121,1.878655,0.74411,0.636343,-0.122047,0.162702
565,KingsCollege2,train,seq1,KingsCollege/seq1/frame00096.png,4.779221,-15.862694,1.82511,0.75445,0.626889,-0.12085,0.152349
566,KingsCollege2,train,seq1,KingsCollege/seq1/frame00097.png,5.519962,-15.813563,1.907583,0.737902,0.648878,-0.094181,0.159961
567,KingsCollege2,train,seq1,KingsCollege/seq1/frame00098.png,6.007729,-15.881021,2.0729,0.739712,0.644892,-0.067698,0.179882
568,KingsCollege2,train,seq1,KingsCollege/seq1/frame00099.png,6.703686,-16.136297,2.027613,0.733537,0.653079,-0.048197,0.181902
569,KingsCollege2,train,seq1,KingsCollege/seq1/frame00100.png,7.493281,-16.356427,2.105932,0.746195,0.650355,-0.028851,0.139283
570,KingsCollege2,train,seq1,KingsCollege/seq1/frame00101.png,7.885061,-16.349646,2.01142,0.722972,0.672551,-0.037974,0.153441
571,KingsCollege2,train,seq1,KingsCollege/seq1/frame00102.png,8.612437,-16.402978,1.909579,0.725641,0.666147,-0.05476,0.163388
572,KingsCollege2,train,seq1,KingsCollege/seq1/frame00103.png,9.233972,-16.561494,1.743561,0.742861,0.651244,-0.015504,0.154265
573,KingsCollege2,train,seq1,KingsCollege/seq1/frame00104.png,9.806683,-16.513806,1.656272,0.750567,0.649564,0.00386,0.121247
574,KingsCollege2,train,seq1,KingsCollege/seq1/frame00105.png,10.363358,-16.726534,1.653066,0.752583,0.649143,0.002543,0.110572
575,KingsCollege2,train,seq1,KingsCollege/seq1/frame00106.png,10.652213,-16.880062,1.643101,0.74495,0.661911,0.012464,0.082269
576,KingsCollege2,train,seq1,KingsCollege/seq1/frame00107.png,11.36386,-17.189191,1.714131,0.771444,0.630465,-0.059477,0.062055
577,KingsCollege2,train,seq1,KingsCollege/seq1/frame00108.png,11.804543,-17.366767,1.539066,0.739554,0.668915,-0.067982,0.031466
578,KingsCollege2,train,seq1,KingsCollege/seq1/frame00109.png,12.581726,-17.477413,1.556887,0.744127,0.664795,-0.065561,-0.005049
579,KingsCollege2,train,seq1,KingsCollege/seq1/frame00110.png,12.769443,-17.915081,1.575651,0.736515,0.67533,-0.019965,-0.032817
580,KingsCollege2,train,seq1,KingsCollege/seq1/frame00111.png,13.456686,-17.930157,1.526971,0.724618,0.680938,-0.105875,0.006469
581,KingsCollege2,train,seq1,KingsCollege/seq1/frame00112.png,13.820388,-18.024739,1.694366,0.708838,0.703173,-0.055548,-0.003186
582,KingsCollege2,train,seq1,KingsCollege/seq1/frame00113.png,13.79753,-17.463004,1.613955,0.723655,0.68934,-0.031571,0.011731
583,KingsCollege2,train,seq1,KingsCollege/seq1/frame00114.png,14.265328,-17.069083,1.646765,0.744543,0.667318,0.006788,-0.017202
584,KingsCollege2,train,seq1,KingsCollege/seq1/frame00115.png,14.27088,-16.486965,1.665912,0.758946,0.650627,0.016559,-0.02029
585,KingsCollege2,train,seq1,KingsCollege/seq1/frame00116.png,14.478261,-15.919796,1.682816,0.787317,0.616182,0.018321,-0.010709
586,KingsCollege2,train,seq1,KingsCollege/seq1/frame00117.png,14.30048,-15.35265,1.494974,0.792624,0.608759,0.026712,-0.021108
587,KingsCollege2,train,seq1,KingsCollege/seq1/frame00118.png,14.448006,-14.78086,1.496173,0.793544,0.608274,0.010558,-0.013413
588,KingsCollege2,train,seq1,KingsCollege/seq1/frame00119.png,14.440038,-14.169005,1.53656,0.79823,0.601822,0.019061,-0.016628
589,KingsCollege2,train,seq1,KingsCollege/seq1/frame00120.png,14.340723,-13.59111,1.492335,0.800098,0.599759,0.006703,-0.009293
590,KingsCollege2,train,seq1,KingsCollege/seq1/frame00121.png,14.320088,-13.159517,1.527878,0.809008,0.5877,0.01066,-0.001282
591,KingsCollege2,train,seq1,KingsCollege/seq1/frame00122.png,14.350946,-13.03826,1.617931,0.7978,0.601679,0.008138,-0.037826
592,KingsCollege2,train,seq1,KingsCollege/seq1/frame00123.png,14.356781,-13.334116,1.546256,0.771499,0.630402,0.031994,-0.07974
593,KingsCollege2,train,seq1,KingsCollege/seq1/frame00124.png,14.085094,-13.745881,1.587093,0.740967,0.664125,0.037607,-0.092156
594,KingsCollege2,train,seq1,KingsCollege/seq1/frame00125.png,14.006137,-14.185257,1.602166,0.736522,0.673211,0.017204,-0.063457
595,KingsCollege2,train,seq1,KingsCollege/seq1/frame00126.png,13.83645,-14.632498,1.626825,0.71592,0.689193,0.028404,-0.108
596,KingsCollege2,train,seq1,KingsCollege/seq1/frame00127.png,13.366398,-14.962872,1.610277,0.756507,0.653372,-0.00129,-0.028285
597,KingsCollege2,train,seq1,KingsCollege/seq1/frame00128.png,13.201367,-15.618,1.689647,0.750924,0.660251,-0.012756,-0.004398
598,KingsCollege2,train,seq1,KingsCollege/seq1/frame00129.png,12.829908,-16.354271,1.684699,0.76267,0.644116,0.005721,-0.058453
599,KingsCollege2,train,seq1,KingsCollege/seq1/frame00130.png,12.745376,-16.648076,1.711459,0.73251,0.674421,-0.075358,-0.053913
600,KingsCollege2,train,seq1,KingsCollege/seq1/frame00131.png,12.616184,-17.240302,1.61751,0.723942,0.676967,-0.132752,0.000441
601,KingsCollege2,train,seq1,KingsCollege/seq1/frame00132.png,12.976397,-17.556068,1.563309,0.752104,0.650917,-0.102312,-0.013357
602,KingsCollege2,train,seq1,KingsCollege/seq1/frame00133.png,13.316627,-17.79296,1.510719,0.771019,0.627707,-0.095443,0.04902
603,KingsCollege2,train,seq1,KingsCollege/seq1/frame00134.png,13.900631,-18.100339,1.646179,0.783167,0.619741,-0.035298,-0.036382
604,KingsCollege2,train,seq1,KingsCollege/seq1/frame00135.png,14.763135,-18.213461,1.674503,0.781795,0.62164,-0.048468,0.003326
605,KingsCollege2,train,seq1,KingsCollege/seq1/frame00136.png,15.267645,-18.661665,1.622157,0.78357,0.618348,-0.059374,-0.011777
606,KingsCollege2,train,seq1,KingsCollege/seq1/frame00137.png,15.759034,-18.964584,1.758672,0.783306,0.617804,-0.068386,-0.008541
607,KingsCollege2,train,seq1,KingsCollege/seq1/frame00138.png,15.968676,-19.539003,1.662711,0.79667,0.600064,-0.00731,-0.072019
608,KingsCollege2,train,seq1,KingsCollege/seq1/frame00139.png,16.443927,-20.001645,1.596067,0.766305,0.63832,-0.014893,-0.071428
609,KingsCollege2,train,seq1,KingsCollege/seq1/frame00140.png,16.739334,-20.554535,1.55981,0.753573,0.654464,-0.05483,-0.028241
610,KingsCollege2,train,seq1,KingsCollege/seq1/frame00141.png,17.337946,-20.864583,1.431869,0.740786,0.663378,-0.099103,-0.036677
611,KingsCollege2,train,seq1,KingsCollege/seq1/frame00142.png,17.659385,-21.743865,1.795812,0.763272,0.637935,-0.077492,-0.066699
612,KingsCollege2,train,seq1,KingsCollege/seq1/frame00143.png,18.22912,-22.402596,1.633648,0.745074,0.656603,-0.075495,-0.089653
613,KingsCollege2,train,seq1,KingsCollege/seq1/frame00144.png,18.647426,-22.744716,1.564742,0.724392,0.688496,-0.02626,-0.023215
614,KingsCollege2,train,seq1,KingsCollege/seq1/frame00145.png,18.743453,-23.628184,2.079402,0.754354,0.655649,0.032771,-0.000555
615,KingsCollege2,train,seq1,KingsCollege/seq1/frame00146.png,18.597782,-24.089615,1.721425,0.729425,0.672514,0.074726,-0.100397
616,KingsCollege2,train,seq1,KingsCollege/seq1/frame00147.png,19.0688,-24.795003,1.844458,0.732033,0.668232,0.074201,-0.109943
617,KingsCollege2,train,seq1,KingsCollege/seq1/frame00148.png,19.057115,-25.241703,2.037075,0.75071,0.648593,0.058713,-0.110971
618,KingsCollege2,train,seq1,KingsCollege/seq1/frame00149.png,19.166793,-25.981149,1.859814,0.759233,0.640462,0.07133,-0.091022
619,KingsCollege2,train,seq1,KingsCollege/seq1/frame00150.png,19.201624,-26.292971,1.885469,0.764793,0.643233,0.023567,-0.028061
620,KingsCollege2,train,seq1,KingsCollege/seq1/frame00151.png,19.535229,-26.689933,1.628863,0.760855,0.648483,-0.014994,0.018592
621,KingsCollege2,train,seq1,KingsCollege/seq1/frame00152.png,19.798403,-26.82274,1.864887,0.757755,0.646688,-0.063268,0.05999
622,KingsCollege2,train,seq1,KingsCollege/seq1/frame00153.png,20.35589,-26.730518,1.927438,0.743312,0.640219,-0.136035,0.138208
623,KingsCollege2,train,seq1,KingsCollege/seq1/frame00154.png,20.834156,-26.743931,1.739732,0.747864,0.637853,-0.121262,0.138342
624,KingsCollege2,train,seq1,KingsCollege/seq1/frame00155.png,21.2768,-26.490724,1.815969,0.747487,0.64072,-0.110535,0.136098
625,KingsCollege2,train,seq1,KingsCollege/seq1/frame00156.png,21.56138,-26.642159,1.491148,0.757636,0.65087,-0.025765,0.04113
626,KingsCollege2,train,seq1,KingsCollege/seq1/frame00157.png,22.356351,-26.497154,1.820797,0.735255,0.674179,0.026413,-0.064696
627,KingsCollege2,train,seq1,KingsCollege/seq1/frame00158.png,22.762714,-26.582959,1.922486,0.735887,0.658249,0.095954,-0.126382
628,KingsCollege2,train,seq1,KingsCollege/seq1/frame00159.png,23.525332,-26.425434,1.94185,0.697988,0.668009,0.177587,-0.187192
629,KingsCollege2,train,seq1,KingsCollege/seq1/frame00160.png,23.94874,-25.936741,1.523782,0.711272,0.664179,0.134781,-0.186526
630,KingsCollege2,train,seq1,KingsCollege/seq1/frame00161.png,24.623397,-25.64557,1.518753,0.741909,0.644306,0.11165,-0.14824
631,KingsCollege2,train,seq1,KingsCollege/seq1/frame00162.png,25.015768,-25.328623,1.823712,0.726029,0.65006,0.14764,-0.168837
632,KingsCollege2,train,seq1,KingsCollege/seq1/frame00163.png,25.403962,-25.113749,1.776162,0.697388,0.654502,0.164247,-0.241455
633,KingsCollege2,train,seq1,KingsCollege/seq1/frame00164.png,25.476646,-24.874106,1.928025,0.685309,0.649066,0.194596,-0.266827
634,KingsCollege2,train,seq1,KingsCollege/seq1/frame00165.png,25.353239,-23.990298,1.676106,0.709351,0.65356,0.17451,-0.198057
635,KingsCollege2,train,seq1,KingsCollege/seq1/frame00166.png,25.339929,-23.624687,1.681833,0.71519,0.66975,0.138026,-0.144524
636,KingsCollege2,train,seq1,KingsCollege/seq1/frame00167.png,25.005119,-23.395621,1.782164,0.731577,0.651064,0.145566,-0.140433
637,KingsCollege2,train,seq1,KingsCollege/seq1/frame00168.png,25.004791,-22.998685,1.601218,0.735667,0.642381,0.162705,-0.140238
638,KingsCollege2,train,seq1,KingsCollege/seq1/frame00169.png,25.041218,-22.674841,1.483279,0.745616,0.646209,0.139846,-0.083153
639,KingsCollege2,train,seq1,KingsCollege/seq1/frame00170.png,25.12536,-22.025172,1.632049,0.741426,0.655965,0.117652,-0.078457
640,KingsCollege2,train,seq1,KingsCollege/seq1/frame00171.png,25.557225,-21.822705,1.52816,0.746443,0.645229,0.129063,-0.099223
641,KingsCollege2,train,seq1,KingsCollege/seq1/frame00172.png,25.935651,-21.653441,1.659063,0.761015,0.623512,0.125138,-0.128177
642,KingsCollege2,train,seq1,KingsCollege/seq1/frame00173.png,26.38247,-21.445711,2.008937,0.755645,0.622639,0.155268,-0.1312
643,KingsCollege2,train,seq1,KingsCollege/seq1/frame00174.png,26.830964,-21.521764,1.886189,0.7445,0.620437,0.190586,-0.156379
644,KingsCollege2,train,seq1,KingsCollege/seq1/frame00175.png,27.285471,-21.525571,1.872509,0.74418,0.6221,0.185624,-0.157259
645,KingsCollege2,train,seq1,KingsCollege/seq1/frame00176.png,27.763079,-21.76408,1.034457,0.739653,0.615427,0.197256,-0.18776
646,KingsCollege2,train,seq1,KingsCollege/seq1/frame00177.png,28.577013,-21.644207,1.825616,0.739408,0.622448,0.162,-0.198974
647,KingsCollege2,train,seq1,KingsCollege/seq1/frame00178.png,28.894395,-21.713794,1.754882,0.736175,0.611083,0.187204,-0.222661
648,KingsCollege2,train,seq1,KingsCollege/seq1/frame00179.png,29.513985,-21.504062,1.763239,0.722475,0.626932,0.208359,-0.203893
649,KingsCollege2,train,seq1,KingsCollege/seq1/frame00180.png,29.917991,-21.446356,1.570284,0.723264,0.619652,0.243641,-0.183195
650,KingsCollege2,train,seq1,KingsCollege/seq1/frame00181.png,30.448779,-21.716043,1.696591,0.694491,0.650803,0.254005,-0.172101
651,KingsCollege2,train,seq1,KingsCollege/seq1/frame00182.png,31.261962,-21.521854,1.60386,0.71747,0.634416,0.233164,-0.168488
652,KingsCollege2,train,seq1,KingsCollege/seq1/frame00183.png,31.533314,-22.063468,1.711495,0.709279,0.619508,0.24179,-0.233818
653,KingsCollege2,train,seq1,KingsCollege/seq1/frame00184.png,32.121833,-22.071024,1.717971,0.738266,0.604477,0.217243,-0.205856
654,KingsCollege2,train,seq1,KingsCollege/seq1/frame00185.png,32.505209,-22.203652,1.792242,0.731891,0.612621,0.219678,-0.201919
655,KingsCollege2,train,seq1,KingsCollege/seq1/frame00186.png,33.053891,-22.436795,1.577458,0.716011,0.625827,0.239982,-0.195133
656,KingsCollege2,train,seq1,KingsCollege/seq1/frame00187.png,33.533862,-22.631694,1.738125,0.731466,0.630764,0.199608,-0.165079
657,KingsCollege2,train,seq1,KingsCollege/seq1/frame00188.png,34.08175,-22.947729,1.576831,0.728358,0.651133,0.144981,-0.156527
658,KingsCollege2,train,seq1,KingsCollege/seq1/frame00189.png,34.761732,-23.136215,1.96368,0.733665,0.623607,0.145923,-0.227059
659,KingsCollege2,train,seq1,KingsCollege/seq1/frame00190.png,35.478962,-23.775676,1.763345,0.740415,0.586103,0.159832,-0.287614
660,KingsCollege2,train,seq1,KingsCollege/seq1/frame00191.png,36.109182,-23.636837,1.69075,0.773716,0.564702,0.14114,-0.250111
661,KingsCollege2,train,seq1,KingsCollege/seq1/frame00192.png,36.550538,-23.519779,1.613563,0.772719,0.581178,0.141076,-0.212685
662,KingsCollege2,train,seq1,KingsCollege/seq1/frame00193.png,36.95202,-23.66332,1.600917,0.752773,0.603911,0.145479,-0.217854
663,KingsCollege2,train,seq1,KingsCollege/seq1/frame00194.png,37.247438,-23.700986,1.685271,0.761131,0.611525,0.115012,-0.183
664,KingsCollege2,train,seq1,KingsCollege/seq1/frame00195.png,37.940981,-23.712893,1.899582,0.718844,0.639703,0.162796,-0.218039
665,KingsCollege2,train,seq1,KingsCollege/seq1/frame00196.png,38.353187,-23.523717,1.568903,0.711108,0.634947,0.195582,-0.230034
666,KingsCollege2,train,seq1,KingsCollege/seq1/frame00197.png,38.913447,-23.470773,1.65442,0.714783,0.623941,0.197834,-0.246261
667,KingsCollege2,train,seq1,KingsCollege/seq1/frame00198.png,39.350284,-23.406105,1.604546,0.705921,0.642011,0.179872,-0.239046
668,KingsCollege2,train,seq1,KingsCollege/seq1/frame00199.png,39.74841,-23.502773,1.676486,0.720412,0.650949,0.139739,-0.194281
669,KingsCollege2,train,seq1,KingsCollege/seq1/frame00200.png,40.505397,-23.811401,1.837186,0.717868,0.640709,0.14625,-0.229715
670,KingsCollege2,train,seq1,KingsCollege/seq1/frame00201.png,40.744078,-24.038483,1.056463,0.71221,0.644707,0.159598,-0.22724
671,KingsCollege2,train,seq1,KingsCollege/seq1/frame00202.png,41.503992,-23.981145,1.72343,0.711806,0.633162,0.182122,-0.243454
672,KingsCollege2,train,seq1,KingsCollege/seq1/frame00203.png,42.012866,-24.032139,1.664388,0.695311,0.643638,0.205595,-0.244958
673,KingsCollege2,train,seq1,KingsCollege/seq1/frame00204.png,42.610127,-24.066969,1.761485,0.697589,0.63563,0.206706,-0.258104
674,KingsCollege2,train,seq1,KingsCollege/seq1/frame00205.png,43.156169,-24.491124,1.58715,0.693786,0.636078,0.211154,-0.263591
675,KingsCollege2,train,seq1,KingsCollege/seq1/frame00206.png,43.598488,-24.307624,1.722434,0.68931,0.63681,0.226164,-0.261102
676,KingsCollege2,train,seq1,KingsCollege/seq1/frame00207.png,44.238068,-24.68726,1.610072,0.687743,0.637776,0.214983,-0.272093
898,KingsCollege2,train,seq4,KingsCollege/seq4/frame00168.png,41.196342,-34.706808,1.753129,0.697998,0.646183,0.1593,-0.264328
899,KingsCollege2,train,seq4,KingsCollege/seq4/frame00169.png,40.735258,-34.745193,1.971078,0.707483,0.642736,0.15223,-0.251365
900,KingsCollege2,train,seq4,KingsCollege/seq4/frame00170.png,39.987711,-34.808468,1.912759,0.714513,0.641882,0.157632,-0.22937
901,KingsCollege2,train,seq4,KingsCollege/seq4/frame00171.png,39.633602,-34.89571,2.100637,0.716978,0.62841,0.18598,-0.237603
902,KingsCollege2,train,seq4,KingsCollege/seq4/frame00172.png,39.10894,-34.828846,1.692476,0.712656,0.613603,0.215865,-0.262709
903,KingsCollege2,train,seq4,KingsCollege/seq4/frame00173.png,38.751144,-34.298215,1.513364,0.712179,0.611635,0.199915,-0.280601
904,KingsCollege2,train,seq4,KingsCollege/seq4/frame00174.png,38.751214,-33.803504,1.904477,0.698007,0.622286,0.211434,-0.284326
905,KingsCollege2,train,seq4,KingsCollege/seq4/frame00175.png,38.541607,-33.207137,1.783067,0.700626,0.620508,0.201236,-0.289134
906,KingsCollege2,train,seq4,KingsCollege/seq4/frame00176.png,38.39033,-32.814183,1.658538,0.714617,0.615719,0.195985,-0.267961
907,KingsCollege2,train,seq4,KingsCollege/seq4/frame00177.png,38.342175,-32.345747,1.438934,0.717193,0.623303,0.175093,-0.257819
908,KingsCollege2,train,seq4,KingsCollege/seq4/frame00178.png,38.578987,-31.297847,1.892677,0.722461,0.632067,0.168608,-0.223857
909,KingsCollege2,train,seq4,KingsCollege/seq4/frame00179.png,38.634941,-30.927176,1.494139,0.705272,0.636611,0.185063,-0.251138
910,KingsCollege2,train,seq4,KingsCollege/seq4/frame00180.png,38.724036,-29.842617,2.11127,0.694348,0.63863,0.197726,-0.26634
911,KingsCollege2,train,seq4,KingsCollege/seq4/frame00181.png,38.910731,-29.311999,1.92962,0.683582,0.622931,0.229868,-0.30304
912,KingsCollege2,train,seq4,KingsCollege/seq4/frame00182.png,38.864491,-28.745995,1.540181,0.690518,0.625488,0.208991,-0.297107
913,KingsCollege2,train,seq4,KingsCollege/seq4/frame00183.png,39.206796,-27.7947,2.002536,0.677475,0.632113,0.223207,-0.30272
914,KingsCollege2,train,seq4,KingsCollege/seq4/frame00184.png,39.358922,-27.436254,1.483377,0.694926,0.625353,0.22254,-0.276564
915,KingsCollege2,train,seq4,KingsCollege/seq4/frame00185.png,39.660781,-26.455087,1.989888,0.696579,0.627499,0.205339,-0.280819
916,KingsCollege2,train,seq4,KingsCollege/seq4/frame00186.png,39.505071,-25.892797,1.515054,0.701061,0.609411,0.237122,-0.284438
917,KingsCollege2,train,seq4,KingsCollege/seq4/frame00187.png,39.673104,-25.064261,1.983653,0.686057,0.61974,0.239998,-0.296056
918,KingsCollege2,train,seq4,KingsCollege/seq4/frame00188.png,39.450193,-24.506365,1.855615,0.688446,0.610495,0.228948,-0.317679
919,KingsCollege2,train,seq4,KingsCollege/seq4/frame00189.png,39.198897,-24.147895,1.758817,0.694185,0.603254,0.225344,-0.321578
920,KingsCollege2,train,seq4,KingsCollege/seq4/frame00190.png,38.829017,-23.664119,1.666262,0.707904,0.586463,0.25169,-0.302632
921,KingsCollege2,train,seq4,KingsCollege/seq4/frame00191.png,38.297192,-23.496704,1.598776,0.710085,0.60076,0.240112,-0.277873
922,KingsCollege2,train,seq4,KingsCollege/seq4/frame00192.png,37.67134,-23.126614,1.793631,0.698467,0.609635,0.232173,-0.294254
923,KingsCollege2,train,seq4,KingsCollege/seq4/frame00193.png,37.016124,-22.910481,1.883565,0.685024,0.63081,0.210441,-0.297548
924,KingsCollege2,train,seq4,KingsCollege/seq4/frame00194.png,36.375789,-23.162538,2.196223,0.680089,0.622583,0.225916,-0.314375
925,KingsCollege2,train,seq4,KingsCollege/seq4/frame00195.png,35.764917,-23.389721,1.792192,0.650734,0.634003,0.24331,-0.339685
926,KingsCollege2,train,seq4,KingsCollege/seq4/frame00196.png,35.194697,-23.558567,1.694305,0.717667,0.611018,0.20381,-0.264711
927,KingsCollege2,train,seq4,KingsCollege/seq4/frame00197.png,34.620695,-24.174823,1.698763,0.698418,0.615966,0.226763,-0.285266
928,KingsCollege2,train,seq4,KingsCollege/seq4/frame00198.png,34.220277,-24.311786,1.727095,0.683135,0.643046,0.210747,-0.274599
929,KingsCollege2,train,seq4,KingsCollege/seq4/frame00199.png,33.716251,-24.555418,1.721294,0.699485,0.6298,0.198912,-0.272959
930,KingsCollege2,train,seq4,KingsCollege/seq4/frame00200.png,33.228159,-25.068103,1.605595,0.678843,0.653498,0.196175,-0.271343
931,KingsCollege2,train,seq4,KingsCollege/seq4/frame00201.png,32.670821,-25.528199,1.517157,0.699095,0.654462,0.179469,-0.225247
932,KingsCollege2,train,seq4,KingsCollege/seq4/frame00202.png,32.464515,-25.871305,2.22696,0.720569,0.649428,0.154921,-0.187147
933,KingsCollege2,train,seq4,KingsCollege/seq4/frame00203.png,31.843435,-26.287472,2.065325,0.716001,0.628065,0.201218,-0.228884
934,KingsCollege2,train,seq4,KingsCollege/seq4/frame00204.png,31.287752,-26.915159,1.960296,0.700945,0.646495,0.175407,-0.244853
935,KingsCollege2,train,seq4,KingsCollege/seq4/frame00205.png,30.588217,-27.200615,1.909291,0.688115,0.667357,0.153294,-0.240069
936,KingsCollege2,train,seq4,KingsCollege/seq4/frame00206.png,30.225949,-27.854124,2.08222,0.692047,0.658223,0.147963,-0.256749
937,KingsCollege2,train,seq4,KingsCollege/seq4/frame00207.png,29.714978,-28.239808,1.799422,0.710668,0.644592,0.152246,-0.237221
938,KingsCollege2,train,seq4,KingsCollege/seq4/frame00208.png,29.010267,-29.285691,1.874206,0.744297,0.6196,0.163683,-0.187949
939,KingsCollege2,train,seq4,KingsCollege/seq4/frame00209.png,28.73987,-29.412652,1.964481,0.722083,0.635388,0.171831,-0.21296
940,KingsCollege2,train,seq4,KingsCollege/seq4/frame00210.png,28.030258,-30.061905,1.72952,0.718862,0.648952,0.16134,-0.189917
941,KingsCollege2,train,seq4,KingsCollege/seq4/frame00211.png,27.809475,-30.827144,1.624927,0.716553,0.654428,0.157213,-0.183192
942,KingsCollege2,train,seq4,KingsCollege/seq4/frame00212.png,27.024849,-30.912834,1.583584,0.709322,0.670707,0.124745,-0.177349
943,KingsCollege2,train,seq4,KingsCollege/seq4/frame00213.png,26.699372,-31.324789,1.882743,0.711365,0.675884,0.082807,-0.17402
944,KingsCollege2,train,seq4,KingsCollege/seq4/frame00214.png,26.078822,-31.453138,1.959973,0.724416,0.663248,0.104763,-0.156038
945,KingsCollege2,train,seq4,KingsCollege/seq4/frame00215.png,25.817136,-31.602398,2.165331,0.737357,0.653182,0.108852,-0.133447
946,KingsCollege2,train,seq4,KingsCollege/seq4/frame00216.png,25.394722,-31.382254,1.762384,0.741374,0.63603,0.116115,-0.179856
947,KingsCollege2,train,seq4,KingsCollege/seq4/frame00217.png,25.159784,-30.847494,1.699682,0.754484,0.644438,0.078658,-0.096259
948,KingsCollege2,train,seq4,KingsCollege/seq4/frame00218.png,25.30747,-29.936563,1.590627,0.761726,0.645891,0.024538,-0.044671
949,KingsCollege2,train,seq4,KingsCollege/seq4/frame00219.png,24.936541,-29.541938,1.76457,0.7424,0.666275,0.033115,-0.061827
950,KingsCollege2,train,seq4,KingsCollege/seq4/frame00220.png,24.510656,-28.793421,1.972489,0.750156,0.655882,0.0533,-0.065146
951,KingsCollege2,train,seq4,KingsCollege/seq4/frame00221.png,24.352306,-28.009484,1.669919,0.75897,0.646157,0.068506,-0.041854
952,KingsCollege2,train,seq4,KingsCollege/seq4/frame00222.png,24.871153,-26.985063,1.621208,0.773937,0.625238,0.072164,-0.069933
953,KingsCollege2,train,seq4,KingsCollege/seq4/frame00223.png,24.432884,-26.325889,1.898922,0.753368,0.638458,0.103546,-0.118687
954,KingsCollege2,train,seq4,KingsCollege/seq4/frame00224.png,24.504,-25.440276,1.659,0.737072,0.642026,0.134026,-0.162988
955,KingsCollege2,train,seq4,KingsCollege/seq4/frame00225.png,24.428108,-24.523049,1.571819,0.737642,0.646628,0.122115,-0.151146
956,KingsCollege2,train,seq4,KingsCollege/seq4/frame00226.png,24.368807,-23.772723,1.698409,0.747056,0.650602,0.082236,-0.108914
957,KingsCollege2,train,seq4,KingsCollege/seq4/frame00227.png,24.093564,-23.103227,1.691106,0.740699,0.653435,0.104288,-0.116244
958,KingsCollege2,train,seq4,KingsCollege/seq4/frame00228.png,23.854855,-22.445532,1.969687,0.745721,0.650932,0.096889,-0.103923
959,KingsCollege2,train,seq4,KingsCollege/seq4/frame00229.png,23.573364,-21.904916,1.769119,0.757424,0.636372,0.091041,-0.114238
960,KingsCollege2,train,seq4,KingsCollege/seq4/frame00230.png,23.015003,-21.480343,1.680447,0.743877,0.652534,0.088088,-0.114393
961,KingsCollege2,train,seq4,KingsCollege/seq4/frame00231.png,22.483137,-21.122264,1.854831,0.739371,0.648744,0.124735,-0.130011
962,KingsCollege2,train,seq4,KingsCollege/seq4/frame00232.png,21.843927,-20.750093,1.756769,0.738769,0.652541,0.118269,-0.120096
963,KingsCollege2,train,seq4,KingsCollege/seq4/frame00233.png,21.311995,-20.425747,1.785228,0.746809,0.640619,0.117081,-0.134816
964,KingsCollege2,train,seq4,KingsCollege/seq4/frame00234.png,20.521486,-20.248035,1.652496,0.744462,0.64946,0.100096,-0.118146
965,KingsCollege2,train,seq4,KingsCollege/seq4/frame00235.png,19.94379,-19.992261,1.736542,0.738463,0.652601,0.118171,-0.121733
966,KingsCollege2,train,seq4,KingsCollege/seq4/frame00236.png,19.177883,-19.808133,1.613862,0.751284,0.64192,0.080213,-0.130678
967,KingsCollege2,train,seq4,KingsCollege/seq4/frame00237.png,18.667939,-19.536595,1.765909,0.728971,0.667832,0.092561,-0.118468
968,KingsCollege2,train,seq4,KingsCollege/seq4/frame00238.png,17.920034,-19.400838,1.515776,0.731614,0.665834,0.119318,-0.084672
969,KingsCollege2,train,seq4,KingsCollege/seq4/frame00239.png,17.232452,-19.169274,1.639233,0.731901,0.669222,0.105831,-0.072543
970,KingsCollege2,train,seq4,KingsCollege/seq4/frame00240.png,16.671591,-18.95522,1.622793,0.735271,0.668105,0.091582,-0.068
971,KingsCollege2,train,seq4,KingsCollege/seq4/frame00241.png,16.237493,-18.637017,1.553533,0.740131,0.66541,0.050843,-0.082767
972,KingsCollege2,train,seq4,KingsCollege/seq4/frame00242.png,16.158291,-18.14237,1.677447,0.754225,0.651607,0.042235,-0.069067
973,KingsCollege2,train,seq4,KingsCollege/seq4/frame00243.png,16.235055,-17.857353,1.755905,0.76034,0.647102,0.011709,-0.054815
974,KingsCollege2,train,seq4,KingsCollege/seq4/frame00244.png,16.714621,-17.362092,1.680268,0.75892,0.646197,0.035705,-0.072073
975,KingsCollege2,train,seq4,KingsCollege/seq4/frame00245.png,17.053732,-17.036001,1.551324,0.780831,0.612775,0.05338,-0.109359
976,KingsCollege2,train,seq4,KingsCollege/seq4/frame00246.png,17.675504,-16.6942,1.398174,0.782426,0.598224,0.111647,-0.132182
977,KingsCollege2,train,seq4,KingsCollege/seq4/frame00247.png,18.342171,-16.360226,1.626744,0.789716,0.58218,0.113506,-0.156626
978,KingsCollege2,train,seq4,KingsCollege/seq4/frame00248.png,19.027642,-16.188976,1.551661,0.793608,0.581033,0.111403,-0.142044
979,KingsCollege2,train,seq4,KingsCollege/seq4/frame00249.png,19.612543,-15.88439,1.58485,0.803203,0.571463,0.119534,-0.118346
980,KingsCollege2,train,seq4,KingsCollege/seq4/frame00250.png,20.314122,-15.578686,1.497707,0.807715,0.560199,0.114616,-0.143656
981,KingsCollege2,train,seq4,KingsCollege/seq4/frame00251.png,20.797592,-15.250452,1.489888,0.79108,0.581791,0.117957,-0.147641
982,KingsCollege2,train,seq4,KingsCollege/seq4/frame00252.png,21.377681,-14.925295,1.592255,0.790695,0.58349,0.114034,-0.14607
983,KingsCollege2,train,seq4,KingsCollege/seq4/frame00253.png,21.878636,-14.720715,1.561571,0.771158,0.603899,0.142631,-0.142401
984,KingsCollege2,train,seq4,KingsCollege/seq4/frame00254.png,22.138114,-14.517468,1.441678,0.77546,0.610373,0.105563,-0.122323
985,KingsCollege2,train,seq4,KingsCollege/seq4/frame00255.png,22.202164,-14.720541,1.433445,0.765456,0.607867,0.147646,-0.150914
986,KingsCollege2,train,seq4,KingsCollege/seq4/frame00256.png,21.928892,-14.794787,1.459057,0.777942,0.607503,0.106819,-0.119732
987,KingsCollege2,train,seq4,KingsCollege/seq4/frame00257.png,21.304221,-14.831363,1.384616,0.765738,0.617025,0.108318,-0.145576
988,KingsCollege2,train,seq4,KingsCollege/seq4/frame00258.png,20.710146,-14.872388,1.453743,0.769741,0.618057,0.068502,-0.144263
989,KingsCollege2,train,seq4,KingsCollege/seq4/frame00259.png,20.110105,-14.952197,1.5504,0.772647,0.620471,0.052003,-0.123804
990,KingsCollege2,train,seq4,KingsCollege/seq4/frame00260.png,19.217458,-15.080093,1.555537,0.780286,0.605171,0.078719,-0.136843
991,KingsCollege2,train,seq4,KingsCollege/seq4/frame00261.png,18.51832,-15.072352,1.441915,0.783264,0.614054,0.051119,-0.082602
992,KingsCollege2,train,seq4,KingsCollege/seq4/frame00262.png,17.567852,-15.127241,1.548962,0.77634,0.621435,0.075941,-0.073129
993,KingsCollege2,train,seq4,KingsCollege/seq4/frame00263.png,16.845242,-15.219136,1.478017,0.779444,0.619776,0.038236,-0.082961
994,KingsCollege2,train,seq4,KingsCollege/seq4/frame00264.png,15.92199,-15.194896,1.704757,0.762361,0.643377,0.024697,-0.065283
995,KingsCollege2,train,seq4,KingsCollege/seq4/frame00265.png,15.312656,-15.307976,1.611979,0.759211,0.648527,0.028046,-0.047174
996,KingsCollege2,train,seq4,KingsCollege/seq4/frame00266.png,14.577178,-15.261685,1.853164,0.744184,0.665959,-0.007605,-0.051294
997,KingsCollege2,train,seq4,KingsCollege/seq4/frame00267.png,13.807739,-15.206246,1.635237,0.768325,0.639451,0.000696,-0.027906
998,KingsCollege2,train,seq4,KingsCollege/seq4/frame00268.png,13.061207,-15.2936,1.740219,0.761354,0.647234,0.008037,-0.036928
999,KingsCollege2,train,seq4,KingsCollege/seq4/frame00269.png,12.360082,-15.211727,1.74519,0.753609,0.656951,-0.021566,-0.004848
1000,KingsCollege2,train,seq4,KingsCollege/seq4/frame00270.png,11.618266,-15.236617,1.779949,0.781547,0.620747,-0.047085,0.04051
1001,KingsCollege2,train,seq4,KingsCollege/seq4/frame00271.png,10.673446,-15.191868,1.747889,0.789404,0.604421,-0.077072,0.074674
1002,KingsCollege2,train,seq4,KingsCollege/seq4/frame00272.png,9.963219,-15.063412,1.677953,0.791186,0.604549,-0.080989,0.044566
1003,KingsCollege2,train,seq4,KingsCollege/seq4/frame00273.png,9.152625,-15.106633,1.647882,0.77441,0.624581,-0.093436,0.038189
1004,KingsCollege2,train,seq4,KingsCollege/seq4/frame00274.png,8.409606,-15.092696,1.539959,0.773305,0.627452,-0.08961,0.016539
1005,KingsCollege2,train,seq4,KingsCollege/seq4/frame00275.png,7.698626,-15.119574,1.629145,0.765426,0.633425,-0.110853,0.024637
1006,KingsCollege2,train,seq4,KingsCollege/seq4/frame00276.png,6.98829,-14.918009,1.798336,0.762988,0.631454,-0.126662,0.055422
1007,KingsCollege2,train,seq4,KingsCollege/seq4/frame00277.png,6.295878,-14.884896,1.767861,0.794779,0.583283,-0.129558,0.106405
1008,KingsCollege2,train,seq4,KingsCollege/seq4/frame00278.png,5.673774,-14.564777,1.612614,0.796555,0.570858,-0.132631,0.148424
1009,KingsCollege2,train,seq4,KingsCollege/seq4/frame00279.png,5.209276,-14.598315,1.436568,0.840559,0.51758,-0.126194,0.098222
1010,KingsCollege2,train,seq4,KingsCollege/seq4/frame00280.png,5.223088,-14.701604,1.83824,0.803439,0.569765,-0.116408,0.127681
1011,KingsCollege2,train,seq4,KingsCollege/seq4/frame00281.png,5.525338,-14.852867,1.683077,0.786837,0.586254,-0.139659,0.133001
1012,KingsCollege2,train,seq4,KingsCollege/seq4/frame00282.png,6.146545,-14.824652,1.639376,0.796108,0.59259,-0.081874,0.091352
1013,KingsCollege2,train,seq4,KingsCollege/seq4/frame00283.png,6.864028,-15.043727,1.604122,0.796918,0.586155,-0.090682,0.114544
1014,KingsCollege2,train,seq4,KingsCollege/seq4/frame00284.png,7.666077,-15.399806,1.958141,0.787124,0.599347,-0.091127,0.113644
1015,KingsCollege2,train,seq4,KingsCollege/seq4/frame00285.png,8.172398,-15.43366,1.45052,0.80747,0.57005,-0.077999,0.130198
1016,KingsCollege2,train,seq4,KingsCollege/seq4/frame00286.png,8.879869,-15.593578,1.578277,0.808307,0.572289,-0.072057,0.118036
1017,KingsCollege2,train,seq4,KingsCollege/seq4/frame00287.png,9.668965,-15.852264,1.542626,0.805944,0.583917,-0.06508,0.072528
1018,KingsCollege2,train,seq4,KingsCollege/seq4/frame00288.png,10.310801,-16.030554,1.642129,0.798605,0.591454,-0.090471,0.065019
1019,KingsCollege2,train,seq4,KingsCollege/seq4/frame00289.png,11.045098,-16.464317,1.642664,0.815612,0.574596,-0.05173,0.044042
1020,KingsCollege2,train,seq4,KingsCollege/seq4/frame00290.png,11.571778,-16.839055,1.652535,0.812485,0.579306,-0.039441,0.05213
1021,KingsCollege2,train,seq4,KingsCollege/seq4/frame00291.png,11.856271,-17.293488,2.024242,0.799767,0.590778,-0.069636,0.080656
1022,KingsCollege2,train,seq4,KingsCollege/seq4/frame00292.png,11.934129,-17.837616,2.47504,0.75584,0.621882,-0.12748,0.160368
1023,KingsCollege2,train,seq4,KingsCollege/seq4/frame00293.png,11.925046,-17.942922,1.582337,0.759781,0.617979,-0.144702,0.141057
1024,KingsCollege2,train,seq4,KingsCollege/seq4/frame00294.png,11.988191,-18.818669,1.93079,0.782379,0.617644,-0.079911,-0.003704
1025,KingsCollege2,train,seq4,KingsCollege/seq4/frame00295.png,12.235363,-19.429306,1.993599,0.788862,0.613382,-0.015208,-0.035054
1026,KingsCollege2,train,seq4,KingsCollege/seq4/frame00296.png,12.529667,-20.327199,1.964011,0.769775,0.629768,-0.102863,-0.016045
1027,KingsCollege2,train,seq4,KingsCollege/seq4/frame00297.png,12.908654,-20.610632,2.077158,0.773693,0.629488,-0.071684,-0.002376
1028,KingsCollege2,train,seq4,KingsCollege/seq4/frame00298.png,13.341166,-21.577914,1.845087,0.787379,0.614564,-0.027978,0.039531
1029,KingsCollege2,train,seq4,KingsCollege/seq4/frame00299.png,13.593138,-21.935964,1.747607,0.782155,0.620591,-0.02898,0.047548
1030,KingsCollege2,train,seq4,KingsCollege/seq4/frame00300.png,14.101899,-22.702277,1.821468,0.784569,0.619179,-0.008705,0.031519
1031,KingsCollege2,train,seq4,KingsCollege/seq4/frame00301.png,14.560974,-23.303857,1.88357,0.783007,0.621968,0.004253,0.006149
1032,KingsCollege2,train,seq4,KingsCollege/seq4/frame00302.png,14.733173,-24.231385,1.810654,0.78334,0.620654,-0.016974,0.029646
1033,KingsCollege2,train,seq4,KingsCollege/seq4/frame00303.png,14.937261,-24.723384,1.852742,0.764569,0.642722,-0.038018,0.029951
1034,KingsCollege2,train,seq4,KingsCollege/seq4/frame00304.png,15.219055,-25.17995,1.852245,0.760743,0.643664,-0.062877,0.054891
1035,KingsCollege2,train,seq4,KingsCollege/seq4/frame00305.png,15.179455,-25.676934,1.765688,0.776155,0.630241,-0.015186,0.012183
1036,KingsCollege2,train,seq4,KingsCollege/seq4/frame00306.png,15.416818,-26.466886,1.885505,0.784461,0.61983,0.018244,-0.00989
1037,KingsCollege2,train,seq4,KingsCollege/seq4/frame00307.png,15.30201,-26.859121,2.14852,0.770497,0.636082,-0.011728,-0.039961
1038,KingsCollege2,train,seq4,KingsCollege/seq4/frame00308.png,15.274687,-27.49257,2.192704,0.76158,0.646394,0.004684,-0.04636
1039,KingsCollege2,train,seq4,KingsCollege/seq4/frame00309.png,15.234156,-27.962148,2.115538,0.757187,0.651423,0.00659,-0.047667
1040,KingsCollege2,train,seq4,KingsCollege/seq4/frame00310.png,15.457481,-28.35981,2.09513,0.755847,0.654161,-0.01109,-0.025396
1041,KingsCollege2,train,seq4,KingsCollege/seq4/frame00311.png,15.313286,-28.762625,2.041073,0.758508,0.651358,0.009607,-0.01746
1042,KingsCollege2,train,seq4,KingsCollege/seq4/frame00312.png,15.047536,-29.023613,1.797552,0.767618,0.640496,-0.014966,-0.017421
1043,KingsCollege2,train,seq4,KingsCollege/seq4/frame00313.png,14.375334,-28.992278,1.913826,0.782205,0.621847,-0.037172,-0.008983
1044,KingsCollege2,train,seq4,KingsCollege/seq4/frame00314.png,13.800317,-28.78223,1.956505,0.784961,0.61749,-0.030866,0.039872
1045,KingsCollege2,train,seq4,KingsCollege/seq4/frame00315.png,13.04858,-28.46859,2.110011,0.77208,0.632014,-0.054228,0.038862
1046,KingsCollege2,train,seq4,KingsCollege/seq4/frame00316.png,12.813777,-27.949599,2.23952,0.772914,0.626578,-0.078574,0.061885
1047,KingsCollege2,train,seq4,KingsCollege/seq4/frame00317.png,12.192842,-27.371099,2.153194,0.77276,0.626138,-0.09136,0.049466
1048,KingsCollege2,train,seq4,KingsCollege/seq4/frame00318.png,11.770126,-26.688605,2.097368,0.777386,0.624002,-0.066738,0.042875
1049,KingsCollege2,train,seq4,KingsCollege/seq4/frame00319.png,11.647407,-26.383701,1.999645,0.77468,0.623478,-0.077115,0.072107
1050,KingsCollege2,train,seq4,KingsCollege/seq4/frame00320.png,11.056919,-25.672885,1.94231,0.777947,0.625947,-0.032641,0.043846
1051,KingsCollege2,train,seq4,KingsCollege/seq4/frame00321.png,10.655775,-25.144906,1.945026,0.773828,0.628552,-0.069918,0.034997
1052,KingsCollege2,train,seq4,KingsCollege/seq4/frame00322.png,10.29592,-24.573265,1.918439,0.776942,0.617847,-0.096213,0.073269
1053,KingsCollege2,train,seq4,KingsCollege/seq4/frame00323.png,10.058748,-24.071969,1.890073,0.773049,0.623695,-0.102144,0.054472
1054,KingsCollege2,train,seq4,KingsCollege/seq4/frame00324.png,9.343722,-23.294154,1.68322,0.790936,0.605931,-0.076937,0.036716
1055,KingsCollege2,train,seq4,KingsCollege/seq4/frame00325.png,9.094574,-22.621727,1.863711,0.784371,0.613157,-0.066306,0.066361
1056,KingsCollege2,train,seq4,KingsCollege/seq4/frame00326.png,8.94716,-22.097882,1.710205,0.803634,0.586575,-0.077335,0.064203
1057,KingsCollege2,train,seq4,KingsCollege/seq4/frame00327.png,8.439396,-21.408421,1.90328,0.804149,0.582167,-0.089849,0.079701
1058,KingsCollege2,train,seq4,KingsCollege/seq4/frame00328.png,8.333564,-20.732124,1.679765,0.807835,0.578003,-0.098753,0.059686
1059,KingsCollege2,train,seq4,KingsCollege/seq4/frame00329.png,7.966848,-20.211192,1.65506,0.815939,0.566551,-0.08839,0.073825
1060,KingsCollege2,train,seq4,KingsCollege/seq4/frame00330.png,7.690237,-19.446466,1.822388,0.807741,0.572472,-0.101663,0.097443
1061,KingsCollege2,train,seq4,KingsCollege/seq4/frame00331.png,7.401986,-18.692244,1.541106,0.806079,0.567183,-0.118614,0.120296
1062,KingsCollege2,train,seq4,KingsCollege/seq4/frame00332.png,7.108988,-17.989502,1.619154,0.792403,0.585418,-0.128951,0.112938
1063,KingsCollege2,train,seq4,KingsCollege/seq4/frame00333.png,6.657994,-17.558641,1.868879,0.787807,0.594263,-0.121101,0.107453
1064,KingsCollege2,train,seq4,KingsCollege/seq4/frame00334.png,6.138321,-17.366646,1.69833,0.788944,0.595494,-0.136041,0.066693
1065,KingsCollege2,train,seq4,KingsCollege/seq4/frame00335.png,5.581146,-17.43759,1.8974,0.768084,0.630376,-0.111762,0.013477
1066,KingsCollege2,train,seq4,KingsCollege/seq4/frame00336.png,5.053123,-17.866103,1.82349,0.782191,0.616474,-0.089677,0.009745
1067,KingsCollege2,train,seq4,KingsCollege/seq4/frame00337.png,4.556852,-17.807727,1.83699,0.773831,0.629782,-0.059134,-0.032612
1068,KingsCollege2,train,seq4,KingsCollege/seq4/frame00338.png,4.095936,-18.115277,1.819792,0.764129,0.640478,-0.042407,-0.064005
1069,KingsCollege2,train,seq4,KingsCollege/seq4/frame00339.png,3.536087,-18.200457,1.653706,0.777731,0.624055,-0.053646,-0.053028
1070,KingsCollege2,train,seq4,KingsCollege/seq4/frame00340.png,3.105193,-18.400073,1.932382,0.817804,0.568858,-0.082951,0.026776
1071,KingsCollege2,train,seq4,KingsCollege/seq4/frame00341.png,2.553191,-18.778687,1.709332,0.818276,0.560335,-0.108919,0.067723
1072,KingsCollege2,train,seq4,KingsCollege/seq4/frame00342.png,1.973688,-19.013232,1.450829,0.810441,0.563038,-0.102968,0.124784
1073,KingsCollege2,train,seq4,KingsCollege/seq4/frame00343.png,1.437261,-19.717108,2.189753,0.791501,0.577926,-0.137225,0.143861
1074,KingsCollege2,train,seq4,KingsCollege/seq4/frame00344.png,1.139706,-20.101402,2.082199,0.782974,0.576743,-0.164241,0.16536
1075,KingsCollege2,train,seq4,KingsCollege/seq4/frame00345.png,1.295901,-20.678217,1.760963,0.787644,0.558323,-0.169522,0.197878
1076,KingsCollege2,train,seq4,KingsCollege/seq4/frame00346.png,1.319421,-21.302278,1.799234,0.769789,0.584211,-0.17958,0.184049
1077,KingsCollege2,train,seq4,KingsCollege/seq4/frame00347.png,1.445969,-21.981893,2.064724,0.775194,0.575393,-0.157193,0.208058
1078,KingsCollege2,train,seq4,KingsCollege/seq4/frame00348.png,1.47507,-22.691567,2.063931,0.757786,0.586949,-0.186558,0.215519
1079,KingsCollege2,train,seq4,KingsCollege/seq4/frame00349.png,1.509408,-23.312464,2.232754,0.747189,0.583168,-0.201793,0.246787
1080,KingsCollege2,train,seq4,KingsCollege/seq4/frame00350.png,1.239715,-24.203644,1.995785,0.716238,0.570443,-0.263264,0.303793
1081,KingsCollege2,train,seq4,KingsCollege/seq4/frame00351.png,1.390339,-24.461537,1.977281,0.701923,0.540135,-0.292935,0.360204
1082,KingsCollege2,train,seq4,KingsCollege/seq4/frame00352.png,0.877495,-24.888042,1.963018,0.746402,0.574234,-0.203992,0.267444
1083,KingsCollege2,train,seq4,KingsCollege/seq4/frame00353.png,0.44914,-25.471752,2.053298,0.747932,0.591309,-0.202587,0.223406
1084,KingsCollege2,train,seq4,KingsCollege/seq4/frame00354.png,-0.122155,-25.618291,2.283524,0.741215,0.6182,-0.173486,0.195785
1085,KingsCollege2,train,seq4,KingsCollege/seq4/frame00355.png,-0.635001,-25.974847,1.888665,0.774941,0.589474,-0.163085,0.159342
1086,KingsCollege2,train,seq4,KingsCollege/seq4/frame00356.png,-1.537354,-25.772275,2.029883,0.809332,0.562974,-0.129985,0.105578
1087,KingsCollege2,train,seq4,KingsCollege/seq4/frame00357.png,-1.940719,-25.725609,1.719069,0.805126,0.565545,-0.129757,0.122856
